NR_LOCAL_VOTACAO,NM_LOCAL_VOTACAO,DS_ENDERECO,BAIRRO_TSE,NR_LATITUDE,NR_LONGITUDE,QT_SECOES,QT_ELEITORES,BAIRRO,REGIAO
1015,EE ELVIRA SANTOS DE OLIVEIRA,"PRACA MOGI MIRIM, S/N",CENTRO,-22.4347171,-46.8265536,17,5973,Centro,
1031,EE DR JULIO MESQUITA,"R CAMPOS SALES, 35",CENTRO,-22.4384729,-46.8214996,11,3298,Centro,
1236,CRECHE MUNICIPAL VER FRANCISCO ROVARIS QUICO,RUA JOÃO CARLOS CALIL 45,CONJ HAB. BRAZ CAVENAGHI,-22.4159697,-46.8397775,4,1533,Conj Hab. Braz Cavenaghi,
1279,EE PROF ORLANDO DINI,"R MARTA ROSA FORMIGARI EHMKE, S/N",CONJ. HAB. JOSÉ TONOLLI,-22.456632,-46.7942121,1,377,Conj. Hab. José Tonolli,
1180,EMEF MARCO ANTONIO LIBANO DOS SANTOS,"RUA PROF. JOSÉ SILVEIRA SOUZA, 160",CONJUNTO HABITACIONAL ISTOR LUPPI,-22.4576543,-46.7891613,6,2000,Conjunto Habitacional Istor Luppi,
1104,EMEF JOAQUIM VIEIRA,VILA DE ELEUTERIO,ELEUTERIO,-22.3254886,-46.7199202,2,495,Eleuterio,
1252,FATEC ITAPIRA OGARI DE CASTRO PACHECO,"RUA TEREZA LERA PAOLETTI, 570/590",JARDIM BELA VISTA,-22.4312216,-46.8345357,6,1879,Jardim Bela Vista,
1210,EMEF VEREADOR JOSÉ FRANCISCO MARTINS,"AV JOÃO BRANDÃO JÚNIOR, 45",JARDIM MACUCOS,-22.4506881,-46.8109195,4,1214,Jardim Macucos,
1058,EMEF IZAURA DA SILVA VIEIRA,"R ROSANA AVELINO DE OLIVEIRA PRETO, Nº 85",JARDIM MAGALI,-22.4358795,-46.81688,14,4749,Jardim Magali,
1201,EMEF WILMA DE TOLEDO BARROS MUNHOZ,"ANGELO MALANDRIN, 110",JARDIM PARAISO,-22.4490649,-46.8011808,4,1273,Jardim Paraiso,
1139,EE BENEDITO FLORES DE AZEVEDO,"R EMILIO HADAMI KAMIMURA, 64",LOTEAMENTO JOAO DE BARROS,-22.4257275,-46.8278188,7,2294,Loteamento Joao De Barros,
1023,EMEF PROF JOAO SIMOES,"R ELVIRA VESCO PALOMO, S/N",PARQUE SAO LUCAS,-22.4262027,-46.8292743,10,3262,Parque Sao Lucas,
1112,EMEF BAIRRO DA PONTE NOVA,BAIRRO DA PONTE NOVA,PONTE NOVA,-22.4702731,-46.6834337,2,417,Ponte Nova,
1066,EE PREFEITO CAETANO MUNHOZ,"AV BRASIL, S/N",PRADO,-22.4482024,-46.8090771,13,4576,Prado,
1260,ETEC JOÃO MARIA STEVANATTO,"AV. PAULO LACERDA QUARTIM BARBOSA, 630",SANTA BARBARA,-22.4463432,-46.8389994,9,2734,Santa Barbara,
1040,E.E. ANTONIO CAIO,"RUA MAJOR JOÃO MANOEL, S/N",SAO VICENTE,-22.4452922,-46.8277826,13,4496,Sao Vicente,
1090,EE FENIZIO MARCHINI,"VILA DE BARAO ATALIBA NOGUEIRA, S/N",VILA DE BARAO ATALIBA NOGUEIRA,-22.390391,-46.7455386,5,1668,Vila De Barao Ataliba Nogueira,
1120,EMEF HEITOR SOARES,"R RAIMUNDO MARIN, 184",VILA FIGUEIREDO,-22.4183019,-46.8216327,9,3135,Vila Figueiredo,
1074,EE PROF CANDIDO MOURA,"R POLONIA, 349",VILA ILZE,-22.4326188,-46.8098359,5,1653,Vila Ilze,
1082,EE PROF PEDRO FERREIRA CINTRA,"R ARTUR BERNARDES, 326",VILA ILZE,-22.4266027,-46.8115652,8,2854,Vila Ilze,
1147,EMEF COMENDADOR VIRGOLINO DE OLIVEIRA,"R PROF  AYLTON BRANDAO, 30",VILA IZAURA,-22.422983,-46.8135704,7,2149,Vila Izaura,
1244,SESI - SERVIÇO SOCIAL DA INDÚSTRIA,"RUA PAULO AFONSO PEREIRA ULBRICHT, 162",VILA PENHA DO RIO DO PEIXE,-22.4235073,-46.8194502,4,1395,Vila Penha Do Rio Do Peixe,
