NR_ZONA,NR_SECAO,DS_TIPO_SECAO_AGREGADA,NR_SECAO_PRINCIPAL,NR_LOCAL_VOTACAO,NM_LOCAL_VOTACAO,DS_ENDERECO,NM_BAIRRO,NR_CEP,NR_LATITUDE,NR_LONGITUDE,DS_SITU_SECAO,QT_ELEITOR_SECAO
54,1,Principal,-1,1015,EE ELVIRA SANTOS DE OLIVEIRA,"PRACA MOGI MIRIM, S/N",CENTRO,13970000,-22.4347171,-46.8265536,ATIVO,351
54,2,Principal,-1,1015,EE ELVIRA SANTOS DE OLIVEIRA,"PRACA MOGI MIRIM, S/N",CENTRO,13970000,-22.4347171,-46.8265536,ATIVO,352
54,3,Principal,-1,1015,EE ELVIRA SANTOS DE OLIVEIRA,"PRACA MOGI MIRIM, S/N",CENTRO,13970000,-22.4347171,-46.8265536,ATIVO,352
54,4,Principal,-1,1015,EE ELVIRA SANTOS DE OLIVEIRA,"PRACA MOGI MIRIM, S/N",CENTRO,13970000,-22.4347171,-46.8265536,ATIVO,352
54,5,Principal,-1,1015,EE ELVIRA SANTOS DE OLIVEIRA,"PRACA MOGI MIRIM, S/N",CENTRO,13970000,-22.4347171,-46.8265536,ATIVO,349
54,6,Principal,-1,1015,EE ELVIRA SANTOS DE OLIVEIRA,"PRACA MOGI MIRIM, S/N",CENTRO,13970000,-22.4347171,-46.8265536,ATIVO,352
54,7,Principal,-1,1015,EE ELVIRA SANTOS DE OLIVEIRA,"PRACA MOGI MIRIM, S/N",CENTRO,13970000,-22.4347171,-46.8265536,ATIVO,352
54,8,Principal,-1,1015,EE ELVIRA SANTOS DE OLIVEIRA,"PRACA MOGI MIRIM, S/N",CENTRO,13970000,-22.4347171,-46.8265536,ATIVO,352
54,9,Principal,-1,1015,EE ELVIRA SANTOS DE OLIVEIRA,"PRACA MOGI MIRIM, S/N",CENTRO,13970000,-22.4347171,-46.8265536,ATIVO,351
54,10,Principal,-1,1015,EE ELVIRA SANTOS DE OLIVEIRA,"PRACA MOGI MIRIM, S/N",CENTRO,13970000,-22.4347171,-46.8265536,ATIVO,352
54,11,Principal,-1,1015,EE ELVIRA SANTOS DE OLIVEIRA,"PRACA MOGI MIRIM, S/N",CENTRO,13970000,-22.4347171,-46.8265536,ATIVO,352
54,12,Principal,-1,1015,EE ELVIRA SANTOS DE OLIVEIRA,"PRACA MOGI MIRIM, S/N",CENTRO,13970000,-22.4347171,-46.8265536,ATIVO,353
54,13,Principal,-1,1015,EE ELVIRA SANTOS DE OLIVEIRA,"PRACA MOGI MIRIM, S/N",CENTRO,13970000,-22.4347171,-46.8265536,ATIVO,352
54,14,Principal,-1,1015,EE ELVIRA SANTOS DE OLIVEIRA,"PRACA MOGI MIRIM, S/N",CENTRO,13970000,-22.4347171,-46.8265536,ATIVO,351
54,15,Principal,-1,1023,EMEF PROF JOAO SIMOES,"R ELVIRA VESCO PALOMO, S/N",PARQUE SAO LUCAS,13970000,-22.4262027,-46.8292743,ATIVO,325
54,16,Principal,-1,1023,EMEF PROF JOAO SIMOES,"R ELVIRA VESCO PALOMO, S/N",PARQUE SAO LUCAS,13970000,-22.4262027,-46.8292743,ATIVO,326
54,17,Principal,-1,1023,EMEF PROF JOAO SIMOES,"R ELVIRA VESCO PALOMO, S/N",PARQUE SAO LUCAS,13970000,-22.4262027,-46.8292743,ATIVO,325
54,18,Principal,-1,1023,EMEF PROF JOAO SIMOES,"R ELVIRA VESCO PALOMO, S/N",PARQUE SAO LUCAS,13970000,-22.4262027,-46.8292743,ATIVO,328
54,19,Principal,-1,1023,EMEF PROF JOAO SIMOES,"R ELVIRA VESCO PALOMO, S/N",PARQUE SAO LUCAS,13970000,-22.4262027,-46.8292743,ATIVO,327
54,20,Principal,-1,1023,EMEF PROF JOAO SIMOES,"R ELVIRA VESCO PALOMO, S/N",PARQUE SAO LUCAS,13970000,-22.4262027,-46.8292743,ATIVO,330
54,21,Principal,-1,1031,EE DR JULIO MESQUITA,"R CAMPOS SALES, 35",CENTRO,13070000,-22.4384729,-46.8214996,ATIVO,298
54,22,Principal,-1,1031,EE DR JULIO MESQUITA,"R CAMPOS SALES, 35",CENTRO,13070000,-22.4384729,-46.8214996,ATIVO,301
54,23,Principal,-1,1031,EE DR JULIO MESQUITA,"R CAMPOS SALES, 35",CENTRO,13070000,-22.4384729,-46.8214996,ATIVO,301
54,24,Principal,-1,1031,EE DR JULIO MESQUITA,"R CAMPOS SALES, 35",CENTRO,13070000,-22.4384729,-46.8214996,ATIVO,301
54,25,Principal,-1,1031,EE DR JULIO MESQUITA,"R CAMPOS SALES, 35",CENTRO,13070000,-22.4384729,-46.8214996,ATIVO,296
54,26,Principal,-1,1031,EE DR JULIO MESQUITA,"R CAMPOS SALES, 35",CENTRO,13070000,-22.4384729,-46.8214996,ATIVO,300
54,27,Principal,-1,1031,EE DR JULIO MESQUITA,"R CAMPOS SALES, 35",CENTRO,13070000,-22.4384729,-46.8214996,ATIVO,300
54,28,Principal,-1,1031,EE DR JULIO MESQUITA,"R CAMPOS SALES, 35",CENTRO,13070000,-22.4384729,-46.8214996,ATIVO,301
54,29,Principal,-1,1031,EE DR JULIO MESQUITA,"R CAMPOS SALES, 35",CENTRO,13070000,-22.4384729,-46.8214996,ATIVO,301
54,30,Principal,-1,1040,E.E. ANTONIO CAIO,"RUA MAJOR JOÃO MANOEL, S/N",SAO VICENTE,13970000,-22.4452922,-46.8277826,ATIVO,344
54,31,Principal,-1,1040,E.E. ANTONIO CAIO,"RUA MAJOR JOÃO MANOEL, S/N",SAO VICENTE,13970000,-22.4452922,-46.8277826,ATIVO,348
54,32,Principal,-1,1040,E.E. ANTONIO CAIO,"RUA MAJOR JOÃO MANOEL, S/N",SAO VICENTE,13970000,-22.4452922,-46.8277826,ATIVO,346
54,33,Principal,-1,1040,E.E. ANTONIO CAIO,"RUA MAJOR JOÃO MANOEL, S/N",SAO VICENTE,13970000,-22.4452922,-46.8277826,ATIVO,347
54,34,Principal,-1,1040,E.E. ANTONIO CAIO,"RUA MAJOR JOÃO MANOEL, S/N",SAO VICENTE,13970000,-22.4452922,-46.8277826,ATIVO,346
54,35,Principal,-1,1040,E.E. ANTONIO CAIO,"RUA MAJOR JOÃO MANOEL, S/N",SAO VICENTE,13970000,-22.4452922,-46.8277826,ATIVO,345
54,36,Principal,-1,1040,E.E. ANTONIO CAIO,"RUA MAJOR JOÃO MANOEL, S/N",SAO VICENTE,13970000,-22.4452922,-46.8277826,ATIVO,347
54,37,Principal,-1,1040,E.E. ANTONIO CAIO,"RUA MAJOR JOÃO MANOEL, S/N",SAO VICENTE,13970000,-22.4452922,-46.8277826,ATIVO,346
54,38,Principal,-1,1058,EMEF IZAURA DA SILVA VIEIRA,"R ROSANA AVELINO DE OLIVEIRA PRETO, Nº 85",JARDIM MAGALI,13972020,-22.4358795,-46.81688,ATIVO,344
54,39,Principal,-1,1058,EMEF IZAURA DA SILVA VIEIRA,"R ROSANA AVELINO DE OLIVEIRA PRETO, Nº 85",JARDIM MAGALI,13972020,-22.4358795,-46.81688,ATIVO,341
54,40,Principal,-1,1058,EMEF IZAURA DA SILVA VIEIRA,"R ROSANA AVELINO DE OLIVEIRA PRETO, Nº 85",JARDIM MAGALI,13972020,-22.4358795,-46.81688,ATIVO,338
54,41,Principal,-1,1058,EMEF IZAURA DA SILVA VIEIRA,"R ROSANA AVELINO DE OLIVEIRA PRETO, Nº 85",JARDIM MAGALI,13972020,-22.4358795,-46.81688,ATIVO,342
54,42,Principal,-1,1058,EMEF IZAURA DA SILVA VIEIRA,"R ROSANA AVELINO DE OLIVEIRA PRETO, Nº 85",JARDIM MAGALI,13972020,-22.4358795,-46.81688,ATIVO,340
54,43,Principal,-1,1058,EMEF IZAURA DA SILVA VIEIRA,"R ROSANA AVELINO DE OLIVEIRA PRETO, Nº 85",JARDIM MAGALI,13972020,-22.4358795,-46.81688,ATIVO,344
54,44,Principal,-1,1058,EMEF IZAURA DA SILVA VIEIRA,"R ROSANA AVELINO DE OLIVEIRA PRETO, Nº 85",JARDIM MAGALI,13972020,-22.4358795,-46.81688,ATIVO,344
54,45,Principal,-1,1066,EE PREFEITO CAETANO MUNHOZ,"AV BRASIL, S/N",PRADO,13970000,-22.4482024,-46.8090771,ATIVO,352
54,46,Principal,-1,1066,EE PREFEITO CAETANO MUNHOZ,"AV BRASIL, S/N",PRADO,13970000,-22.4482024,-46.8090771,ATIVO,346
54,47,Principal,-1,1066,EE PREFEITO CAETANO MUNHOZ,"AV BRASIL, S/N",PRADO,13970000,-22.4482024,-46.8090771,ATIVO,354
54,48,Principal,-1,1066,EE PREFEITO CAETANO MUNHOZ,"AV BRASIL, S/N",PRADO,13970000,-22.4482024,-46.8090771,ATIVO,353
54,49,Principal,-1,1066,EE PREFEITO CAETANO MUNHOZ,"AV BRASIL, S/N",PRADO,13970000,-22.4482024,-46.8090771,ATIVO,356
54,50,Principal,-1,1066,EE PREFEITO CAETANO MUNHOZ,"AV BRASIL, S/N",PRADO,13970000,-22.4482024,-46.8090771,ATIVO,351
54,51,Principal,-1,1074,EE PROF CANDIDO MOURA,"R POLONIA, 349",VILA ILZE,13970000,-22.4326188,-46.8098359,ATIVO,332
54,52,Principal,-1,1074,EE PROF CANDIDO MOURA,"R POLONIA, 349",VILA ILZE,13970000,-22.4326188,-46.8098359,ATIVO,328
54,53,Principal,-1,1074,EE PROF CANDIDO MOURA,"R POLONIA, 349",VILA ILZE,13970000,-22.4326188,-46.8098359,ATIVO,332
54,54,Principal,-1,1082,EE PROF PEDRO FERREIRA CINTRA,"R ARTUR BERNARDES, 326",VILA ILZE,13970000,-22.4266027,-46.8115652,ATIVO,358
54,55,Principal,-1,1082,EE PROF PEDRO FERREIRA CINTRA,"R ARTUR BERNARDES, 326",VILA ILZE,13970000,-22.4266027,-46.8115652,ATIVO,360
54,56,Principal,-1,1082,EE PROF PEDRO FERREIRA CINTRA,"R ARTUR BERNARDES, 326",VILA ILZE,13970000,-22.4266027,-46.8115652,ATIVO,356
54,57,Principal,-1,1082,EE PROF PEDRO FERREIRA CINTRA,"R ARTUR BERNARDES, 326",VILA ILZE,13970000,-22.4266027,-46.8115652,ATIVO,359
54,58,Principal,-1,1082,EE PROF PEDRO FERREIRA CINTRA,"R ARTUR BERNARDES, 326",VILA ILZE,13970000,-22.4266027,-46.8115652,ATIVO,356
54,59,Principal,-1,1082,EE PROF PEDRO FERREIRA CINTRA,"R ARTUR BERNARDES, 326",VILA ILZE,13970000,-22.4266027,-46.8115652,ATIVO,360
54,60,Principal,-1,1090,EE FENIZIO MARCHINI,"VILA DE BARAO ATALIBA NOGUEIRA, S/N",VILA DE BARAO ATALIBA NOGUEIRA,13970000,-22.390391,-46.7455386,ATIVO,335
54,61,Principal,-1,1090,EE FENIZIO MARCHINI,"VILA DE BARAO ATALIBA NOGUEIRA, S/N",VILA DE BARAO ATALIBA NOGUEIRA,13970000,-22.390391,-46.7455386,ATIVO,332
54,62,Principal,-1,1104,EMEF JOAQUIM VIEIRA,VILA DE ELEUTERIO,ELEUTERIO,13970000,-22.3254886,-46.7199202,ATIVO,250
54,63,Principal,-1,1112,EMEF BAIRRO DA PONTE NOVA,BAIRRO DA PONTE NOVA,PONTE NOVA,13970000,-22.4702731,-46.6834337,ATIVO,209
54,64,Principal,-1,1031,EE DR JULIO MESQUITA,"R CAMPOS SALES, 35",CENTRO,13070000,-22.4384729,-46.8214996,ATIVO,294
54,65,Principal,-1,1031,EE DR JULIO MESQUITA,"R CAMPOS SALES, 35",CENTRO,13070000,-22.4384729,-46.8214996,ATIVO,305
54,66,Principal,-1,1015,EE ELVIRA SANTOS DE OLIVEIRA,"PRACA MOGI MIRIM, S/N",CENTRO,13970000,-22.4347171,-46.8265536,ATIVO,348
54,67,Principal,-1,1040,E.E. ANTONIO CAIO,"RUA MAJOR JOÃO MANOEL, S/N",SAO VICENTE,13970000,-22.4452922,-46.8277826,ATIVO,347
54,68,Principal,-1,1058,EMEF IZAURA DA SILVA VIEIRA,"R ROSANA AVELINO DE OLIVEIRA PRETO, Nº 85",JARDIM MAGALI,13972020,-22.4358795,-46.81688,ATIVO,344
54,69,Principal,-1,1058,EMEF IZAURA DA SILVA VIEIRA,"R ROSANA AVELINO DE OLIVEIRA PRETO, Nº 85",JARDIM MAGALI,13972020,-22.4358795,-46.81688,ATIVO,344
54,70,Principal,-1,1015,EE ELVIRA SANTOS DE OLIVEIRA,"PRACA MOGI MIRIM, S/N",CENTRO,13970000,-22.4347171,-46.8265536,ATIVO,352
54,71,Principal,-1,1066,EE PREFEITO CAETANO MUNHOZ,"AV BRASIL, S/N",PRADO,13970000,-22.4482024,-46.8090771,ATIVO,354
54,72,Principal,-1,1082,EE PROF PEDRO FERREIRA CINTRA,"R ARTUR BERNARDES, 326",VILA ILZE,13970000,-22.4266027,-46.8115652,ATIVO,353
54,73,Principal,-1,1015,EE ELVIRA SANTOS DE OLIVEIRA,"PRACA MOGI MIRIM, S/N",CENTRO,13970000,-22.4347171,-46.8265536,ATIVO,350
54,74,Principal,-1,1120,EMEF HEITOR SOARES,"R RAIMUNDO MARIN, 184",VILA FIGUEIREDO,13970000,-22.4183019,-46.8216327,ATIVO,344
54,75,Principal,-1,1066,EE PREFEITO CAETANO MUNHOZ,"AV BRASIL, S/N",PRADO,13970000,-22.4482024,-46.8090771,ATIVO,350
54,76,Principal,-1,1023,EMEF PROF JOAO SIMOES,"R ELVIRA VESCO PALOMO, S/N",PARQUE SAO LUCAS,13970000,-22.4262027,-46.8292743,ATIVO,322
54,77,Principal,-1,1082,EE PROF PEDRO FERREIRA CINTRA,"R ARTUR BERNARDES, 326",VILA ILZE,13970000,-22.4266027,-46.8115652,ATIVO,352
54,78,Principal,-1,1120,EMEF HEITOR SOARES,"R RAIMUNDO MARIN, 184",VILA FIGUEIREDO,13970000,-22.4183019,-46.8216327,ATIVO,346
54,79,Principal,-1,1058,EMEF IZAURA DA SILVA VIEIRA,"R ROSANA AVELINO DE OLIVEIRA PRETO, Nº 85",JARDIM MAGALI,13972020,-22.4358795,-46.81688,ATIVO,335
54,80,Principal,-1,1090,EE FENIZIO MARCHINI,"VILA DE BARAO ATALIBA NOGUEIRA, S/N",VILA DE BARAO ATALIBA NOGUEIRA,13970000,-22.390391,-46.7455386,ATIVO,333
54,81,Principal,-1,1066,EE PREFEITO CAETANO MUNHOZ,"AV BRASIL, S/N",PRADO,13970000,-22.4482024,-46.8090771,ATIVO,354
54,82,Principal,-1,1040,E.E. ANTONIO CAIO,"RUA MAJOR JOÃO MANOEL, S/N",SAO VICENTE,13970000,-22.4452922,-46.8277826,ATIVO,342
54,83,Principal,-1,1023,EMEF PROF JOAO SIMOES,"R ELVIRA VESCO PALOMO, S/N",PARQUE SAO LUCAS,13970000,-22.4262027,-46.8292743,ATIVO,325
54,84,Principal,-1,1252,FATEC ITAPIRA OGARI DE CASTRO PACHECO,"RUA TEREZA LERA PAOLETTI, 570/590",JARDIM BELA VISTA,13974080,-22.4312216,-46.8345357,ATIVO,313
54,85,Principal,-1,1147,EMEF COMENDADOR VIRGOLINO DE OLIVEIRA,"R PROF  AYLTON BRANDAO, 30",VILA IZAURA,13970000,-22.422983,-46.8135704,ATIVO,305
54,86,Principal,-1,1104,EMEF JOAQUIM VIEIRA,VILA DE ELEUTERIO,ELEUTERIO,13970000,-22.3254886,-46.7199202,ATIVO,245
54,87,Principal,-1,1058,EMEF IZAURA DA SILVA VIEIRA,"R ROSANA AVELINO DE OLIVEIRA PRETO, Nº 85",JARDIM MAGALI,13972020,-22.4358795,-46.81688,ATIVO,332
54,88,Principal,-1,1120,EMEF HEITOR SOARES,"R RAIMUNDO MARIN, 184",VILA FIGUEIREDO,13970000,-22.4183019,-46.8216327,ATIVO,347
54,89,Principal,-1,1066,EE PREFEITO CAETANO MUNHOZ,"AV BRASIL, S/N",PRADO,13970000,-22.4482024,-46.8090771,ATIVO,352
54,90,Principal,-1,1023,EMEF PROF JOAO SIMOES,"R ELVIRA VESCO PALOMO, S/N",PARQUE SAO LUCAS,13970000,-22.4262027,-46.8292743,ATIVO,329
54,91,Principal,-1,1058,EMEF IZAURA DA SILVA VIEIRA,"R ROSANA AVELINO DE OLIVEIRA PRETO, Nº 85",JARDIM MAGALI,13972020,-22.4358795,-46.81688,ATIVO,333
54,92,Principal,-1,1252,FATEC ITAPIRA OGARI DE CASTRO PACHECO,"RUA TEREZA LERA PAOLETTI, 570/590",JARDIM BELA VISTA,13974080,-22.4312216,-46.8345357,ATIVO,317
54,93,Principal,-1,1120,EMEF HEITOR SOARES,"R RAIMUNDO MARIN, 184",VILA FIGUEIREDO,13970000,-22.4183019,-46.8216327,ATIVO,358
54,94,Principal,-1,1147,EMEF COMENDADOR VIRGOLINO DE OLIVEIRA,"R PROF  AYLTON BRANDAO, 30",VILA IZAURA,13970000,-22.422983,-46.8135704,ATIVO,309
54,95,Principal,-1,1112,EMEF BAIRRO DA PONTE NOVA,BAIRRO DA PONTE NOVA,PONTE NOVA,13970000,-22.4702731,-46.6834337,ATIVO,208
54,96,Principal,-1,1040,E.E. ANTONIO CAIO,"RUA MAJOR JOÃO MANOEL, S/N",SAO VICENTE,13970000,-22.4452922,-46.8277826,ATIVO,347
54,97,Principal,-1,1252,FATEC ITAPIRA OGARI DE CASTRO PACHECO,"RUA TEREZA LERA PAOLETTI, 570/590",JARDIM BELA VISTA,13974080,-22.4312216,-46.8345357,ATIVO,313
54,98,Principal,-1,1066,EE PREFEITO CAETANO MUNHOZ,"AV BRASIL, S/N",PRADO,13970000,-22.4482024,-46.8090771,ATIVO,351
54,99,Principal,-1,1120,EMEF HEITOR SOARES,"R RAIMUNDO MARIN, 184",VILA FIGUEIREDO,13970000,-22.4183019,-46.8216327,ATIVO,346
54,100,Principal,-1,1023,EMEF PROF JOAO SIMOES,"R ELVIRA VESCO PALOMO, S/N",PARQUE SAO LUCAS,13970000,-22.4262027,-46.8292743,ATIVO,325
54,101,Principal,-1,1058,EMEF IZAURA DA SILVA VIEIRA,"R ROSANA AVELINO DE OLIVEIRA PRETO, Nº 85",JARDIM MAGALI,13972020,-22.4358795,-46.81688,ATIVO,337
54,102,Principal,-1,1244,SESI - SERVIÇO SOCIAL DA INDÚSTRIA,"RUA PAULO AFONSO PEREIRA ULBRICHT, 162",VILA PENHA DO RIO DO PEIXE,13971023,-22.4235073,-46.8194502,ATIVO,353
54,103,Principal,-1,1139,EE BENEDITO FLORES DE AZEVEDO,"R EMILIO HADAMI KAMIMURA, 64",LOTEAMENTO JOAO DE BARROS,13976135,-22.4257275,-46.8278188,ATIVO,330
54,104,Principal,-1,1252,FATEC ITAPIRA OGARI DE CASTRO PACHECO,"RUA TEREZA LERA PAOLETTI, 570/590",JARDIM BELA VISTA,13974080,-22.4312216,-46.8345357,ATIVO,309
54,105,Principal,-1,1147,EMEF COMENDADOR VIRGOLINO DE OLIVEIRA,"R PROF  AYLTON BRANDAO, 30",VILA IZAURA,13970000,-22.422983,-46.8135704,ATIVO,307
54,106,Principal,-1,1066,EE PREFEITO CAETANO MUNHOZ,"AV BRASIL, S/N",PRADO,13970000,-22.4482024,-46.8090771,ATIVO,351
54,107,Principal,-1,1120,EMEF HEITOR SOARES,"R RAIMUNDO MARIN, 184",VILA FIGUEIREDO,13970000,-22.4183019,-46.8216327,ATIVO,359
54,108,Principal,-1,1040,E.E. ANTONIO CAIO,"RUA MAJOR JOÃO MANOEL, S/N",SAO VICENTE,13970000,-22.4452922,-46.8277826,ATIVO,347
54,109,Principal,-1,1252,FATEC ITAPIRA OGARI DE CASTRO PACHECO,"RUA TEREZA LERA PAOLETTI, 570/590",JARDIM BELA VISTA,13974080,-22.4312216,-46.8345357,ATIVO,315
54,110,Principal,-1,1139,EE BENEDITO FLORES DE AZEVEDO,"R EMILIO HADAMI KAMIMURA, 64",LOTEAMENTO JOAO DE BARROS,13976135,-22.4257275,-46.8278188,ATIVO,322
54,111,Principal,-1,1120,EMEF HEITOR SOARES,"R RAIMUNDO MARIN, 184",VILA FIGUEIREDO,13970000,-22.4183019,-46.8216327,ATIVO,342
54,112,Principal,-1,1066,EE PREFEITO CAETANO MUNHOZ,"AV BRASIL, S/N",PRADO,13970000,-22.4482024,-46.8090771,ATIVO,352
54,113,Principal,-1,1147,EMEF COMENDADOR VIRGOLINO DE OLIVEIRA,"R PROF  AYLTON BRANDAO, 30",VILA IZAURA,13970000,-22.422983,-46.8135704,ATIVO,308
54,114,Principal,-1,1252,FATEC ITAPIRA OGARI DE CASTRO PACHECO,"RUA TEREZA LERA PAOLETTI, 570/590",JARDIM BELA VISTA,13974080,-22.4312216,-46.8345357,ATIVO,312
54,115,Principal,-1,1090,EE FENIZIO MARCHINI,"VILA DE BARAO ATALIBA NOGUEIRA, S/N",VILA DE BARAO ATALIBA NOGUEIRA,13970000,-22.390391,-46.7455386,ATIVO,337
54,116,Principal,-1,1040,E.E. ANTONIO CAIO,"RUA MAJOR JOÃO MANOEL, S/N",SAO VICENTE,13970000,-22.4452922,-46.8277826,ATIVO,344
54,117,Principal,-1,1058,EMEF IZAURA DA SILVA VIEIRA,"R ROSANA AVELINO DE OLIVEIRA PRETO, Nº 85",JARDIM MAGALI,13972020,-22.4358795,-46.81688,ATIVO,331
54,118,Principal,-1,1210,EMEF VEREADOR JOSÉ FRANCISCO MARTINS,"AV JOÃO BRANDÃO JÚNIOR, 45",JARDIM MACUCOS,13973092,-22.4506881,-46.8109195,ATIVO,299
54,119,Principal,-1,1201,EMEF WILMA DE TOLEDO BARROS MUNHOZ,"ANGELO MALANDRIN, 110",JARDIM PARAISO,13973465,-22.4490649,-46.8011808,ATIVO,304
54,120,Principal,-1,1180,EMEF MARCO ANTONIO LIBANO DOS SANTOS,"RUA PROF. JOSÉ SILVEIRA SOUZA, 160",CONJUNTO HABITACIONAL ISTOR LUPPI,13973713,-22.4576543,-46.7891613,ATIVO,331
54,121,Principal,-1,1120,EMEF HEITOR SOARES,"R RAIMUNDO MARIN, 184",VILA FIGUEIREDO,13970000,-22.4183019,-46.8216327,ATIVO,346
54,122,Principal,-1,1260,ETEC JOÃO MARIA STEVANATTO,"AV. PAULO LACERDA QUARTIM BARBOSA, 630",SANTA BARBARA,13977175,-22.4463432,-46.8389994,ATIVO,302
54,123,Principal,-1,1260,ETEC JOÃO MARIA STEVANATTO,"AV. PAULO LACERDA QUARTIM BARBOSA, 630",SANTA BARBARA,13977175,-22.4463432,-46.8389994,ATIVO,303
54,124,Principal,-1,1139,EE BENEDITO FLORES DE AZEVEDO,"R EMILIO HADAMI KAMIMURA, 64",LOTEAMENTO JOAO DE BARROS,13976135,-22.4257275,-46.8278188,ATIVO,334
54,125,Principal,-1,1236,CRECHE MUNICIPAL VER FRANCISCO ROVARIS QUICO,RUA JOÃO CARLOS CALIL 45,CONJ HAB. BRAZ CAVENAGHI,13970000,-22.4159697,-46.8397775,ATIVO,383
54,126,Principal,-1,1147,EMEF COMENDADOR VIRGOLINO DE OLIVEIRA,"R PROF  AYLTON BRANDAO, 30",VILA IZAURA,13970000,-22.422983,-46.8135704,ATIVO,306
54,127,Principal,-1,1260,ETEC JOÃO MARIA STEVANATTO,"AV. PAULO LACERDA QUARTIM BARBOSA, 630",SANTA BARBARA,13977175,-22.4463432,-46.8389994,ATIVO,299
54,128,Principal,-1,1139,EE BENEDITO FLORES DE AZEVEDO,"R EMILIO HADAMI KAMIMURA, 64",LOTEAMENTO JOAO DE BARROS,13976135,-22.4257275,-46.8278188,ATIVO,325
54,129,Principal,-1,1210,EMEF VEREADOR JOSÉ FRANCISCO MARTINS,"AV JOÃO BRANDÃO JÚNIOR, 45",JARDIM MACUCOS,13973092,-22.4506881,-46.8109195,ATIVO,302
54,130,Principal,-1,1147,EMEF COMENDADOR VIRGOLINO DE OLIVEIRA,"R PROF  AYLTON BRANDAO, 30",VILA IZAURA,13970000,-22.422983,-46.8135704,ATIVO,305
54,131,Principal,-1,1260,ETEC JOÃO MARIA STEVANATTO,"AV. PAULO LACERDA QUARTIM BARBOSA, 630",SANTA BARBARA,13977175,-22.4463432,-46.8389994,ATIVO,308
54,132,Principal,-1,1139,EE BENEDITO FLORES DE AZEVEDO,"R EMILIO HADAMI KAMIMURA, 64",LOTEAMENTO JOAO DE BARROS,13976135,-22.4257275,-46.8278188,ATIVO,329
54,133,Principal,-1,1260,ETEC JOÃO MARIA STEVANATTO,"AV. PAULO LACERDA QUARTIM BARBOSA, 630",SANTA BARBARA,13977175,-22.4463432,-46.8389994,ATIVO,301
54,134,Principal,-1,1180,EMEF MARCO ANTONIO LIBANO DOS SANTOS,"RUA PROF. JOSÉ SILVEIRA SOUZA, 160",CONJUNTO HABITACIONAL ISTOR LUPPI,13973713,-22.4576543,-46.7891613,ATIVO,327
54,135,Principal,-1,1201,EMEF WILMA DE TOLEDO BARROS MUNHOZ,"ANGELO MALANDRIN, 110",JARDIM PARAISO,13973465,-22.4490649,-46.8011808,ATIVO,311
54,136,Principal,-1,1260,ETEC JOÃO MARIA STEVANATTO,"AV. PAULO LACERDA QUARTIM BARBOSA, 630",SANTA BARBARA,13977175,-22.4463432,-46.8389994,ATIVO,303
54,137,Principal,-1,1147,EMEF COMENDADOR VIRGOLINO DE OLIVEIRA,"R PROF  AYLTON BRANDAO, 30",VILA IZAURA,13970000,-22.422983,-46.8135704,ATIVO,309
54,138,Principal,-1,1139,EE BENEDITO FLORES DE AZEVEDO,"R EMILIO HADAMI KAMIMURA, 64",LOTEAMENTO JOAO DE BARROS,13976135,-22.4257275,-46.8278188,ATIVO,324
54,139,Principal,-1,1090,EE FENIZIO MARCHINI,"VILA DE BARAO ATALIBA NOGUEIRA, S/N",VILA DE BARAO ATALIBA NOGUEIRA,13970000,-22.390391,-46.7455386,ATIVO,331
54,140,Principal,-1,1236,CRECHE MUNICIPAL VER FRANCISCO ROVARIS QUICO,RUA JOÃO CARLOS CALIL 45,CONJ HAB. BRAZ CAVENAGHI,13970000,-22.4159697,-46.8397775,ATIVO,382
54,141,Principal,-1,1260,ETEC JOÃO MARIA STEVANATTO,"AV. PAULO LACERDA QUARTIM BARBOSA, 630",SANTA BARBARA,13977175,-22.4463432,-46.8389994,ATIVO,304
54,142,Principal,-1,1210,EMEF VEREADOR JOSÉ FRANCISCO MARTINS,"AV JOÃO BRANDÃO JÚNIOR, 45",JARDIM MACUCOS,13973092,-22.4506881,-46.8109195,ATIVO,313
54,143,Principal,-1,1244,SESI - SERVIÇO SOCIAL DA INDÚSTRIA,"RUA PAULO AFONSO PEREIRA ULBRICHT, 162",VILA PENHA DO RIO DO PEIXE,13971023,-22.4235073,-46.8194502,ATIVO,345
54,144,Principal,-1,1074,EE PROF CANDIDO MOURA,"R POLONIA, 349",VILA ILZE,13970000,-22.4326188,-46.8098359,ATIVO,324
54,145,Principal,-1,1260,ETEC JOÃO MARIA STEVANATTO,"AV. PAULO LACERDA QUARTIM BARBOSA, 630",SANTA BARBARA,13977175,-22.4463432,-46.8389994,ATIVO,304
54,146,Principal,-1,1120,EMEF HEITOR SOARES,"R RAIMUNDO MARIN, 184",VILA FIGUEIREDO,13970000,-22.4183019,-46.8216327,ATIVO,347
54,147,Principal,-1,1139,EE BENEDITO FLORES DE AZEVEDO,"R EMILIO HADAMI KAMIMURA, 64",LOTEAMENTO JOAO DE BARROS,13976135,-22.4257275,-46.8278188,ATIVO,330
54,148,Principal,-1,1260,ETEC JOÃO MARIA STEVANATTO,"AV. PAULO LACERDA QUARTIM BARBOSA, 630",SANTA BARBARA,13977175,-22.4463432,-46.8389994,ATIVO,310
54,149,Principal,-1,1244,SESI - SERVIÇO SOCIAL DA INDÚSTRIA,"RUA PAULO AFONSO PEREIRA ULBRICHT, 162",VILA PENHA DO RIO DO PEIXE,13971023,-22.4235073,-46.8194502,ATIVO,349
54,150,Principal,-1,1180,EMEF MARCO ANTONIO LIBANO DOS SANTOS,"RUA PROF. JOSÉ SILVEIRA SOUZA, 160",CONJUNTO HABITACIONAL ISTOR LUPPI,13973713,-22.4576543,-46.7891613,ATIVO,335
54,151,Principal,-1,1201,EMEF WILMA DE TOLEDO BARROS MUNHOZ,"ANGELO MALANDRIN, 110",JARDIM PARAISO,13973465,-22.4490649,-46.8011808,ATIVO,352
54,152,Principal,-1,1236,CRECHE MUNICIPAL VER FRANCISCO ROVARIS QUICO,RUA JOÃO CARLOS CALIL 45,CONJ HAB. BRAZ CAVENAGHI,13970000,-22.4159697,-46.8397775,ATIVO,384
54,153,Principal,-1,1180,EMEF MARCO ANTONIO LIBANO DOS SANTOS,"RUA PROF. JOSÉ SILVEIRA SOUZA, 160",CONJUNTO HABITACIONAL ISTOR LUPPI,13973713,-22.4576543,-46.7891613,ATIVO,332
54,154,Principal,-1,1244,SESI - SERVIÇO SOCIAL DA INDÚSTRIA,"RUA PAULO AFONSO PEREIRA ULBRICHT, 162",VILA PENHA DO RIO DO PEIXE,13971023,-22.4235073,-46.8194502,ATIVO,348
54,155,Principal,-1,1180,EMEF MARCO ANTONIO LIBANO DOS SANTOS,"RUA PROF. JOSÉ SILVEIRA SOUZA, 160",CONJUNTO HABITACIONAL ISTOR LUPPI,13973713,-22.4576543,-46.7891613,ATIVO,342
54,156,Principal,-1,1074,EE PROF CANDIDO MOURA,"R POLONIA, 349",VILA ILZE,13970000,-22.4326188,-46.8098359,ATIVO,337
54,157,Principal,-1,1236,CRECHE MUNICIPAL VER FRANCISCO ROVARIS QUICO,RUA JOÃO CARLOS CALIL 45,CONJ HAB. BRAZ CAVENAGHI,13970000,-22.4159697,-46.8397775,ATIVO,384
54,158,Principal,-1,1210,EMEF VEREADOR JOSÉ FRANCISCO MARTINS,"AV JOÃO BRANDÃO JÚNIOR, 45",JARDIM MACUCOS,13973092,-22.4506881,-46.8109195,ATIVO,300
54,159,Principal,-1,1201,EMEF WILMA DE TOLEDO BARROS MUNHOZ,"ANGELO MALANDRIN, 110",JARDIM PARAISO,13973465,-22.4490649,-46.8011808,ATIVO,306
54,160,Principal,-1,1180,EMEF MARCO ANTONIO LIBANO DOS SANTOS,"RUA PROF. JOSÉ SILVEIRA SOUZA, 160",CONJUNTO HABITACIONAL ISTOR LUPPI,13973713,-22.4576543,-46.7891613,ATIVO,333
54,161,Principal,-1,1279,EE PROF ORLANDO DINI,"R MARTA ROSA FORMIGARI EHMKE, S/N",CONJ. HAB. JOSÉ TONOLLI,13973789,-22.456632,-46.7942121,ATIVO,377
