NR_ZONA,NR_SECAO,NR_LOCAL_VOTACAO,NM_LOCAL_VOTACAO,NM_BAIRRO,QT_ELEITOR_SECAO
54,1,1015,EE ELVIRA SANTOS DE OLIVEIRA,CENTRO,388
54,2,1015,EE ELVIRA SANTOS DE OLIVEIRA,CENTRO,400
54,3,1015,EE ELVIRA SANTOS DE OLIVEIRA,CENTRO,385
54,4,1015,EE ELVIRA SANTOS DE OLIVEIRA,CENTRO,394
54,5,1015,EE ELVIRA SANTOS DE OLIVEIRA,CENTRO,399
54,6,1015,EE ELVIRA SANTOS DE OLIVEIRA,CENTRO,373
54,7,1015,EE ELVIRA SANTOS DE OLIVEIRA,CENTRO,380
54,8,1015,EE ELVIRA SANTOS DE OLIVEIRA,CENTRO,389
54,9,1015,EE ELVIRA SANTOS DE OLIVEIRA,CENTRO,403
54,10,1015,EE ELVIRA SANTOS DE OLIVEIRA,CENTRO,403
54,11,1015,EE ELVIRA SANTOS DE OLIVEIRA,CENTRO,386
54,12,1015,EE ELVIRA SANTOS DE OLIVEIRA,CENTRO,379
54,13,1015,EE ELVIRA SANTOS DE OLIVEIRA,CENTRO,377
54,14,1015,EE ELVIRA SANTOS DE OLIVEIRA,CENTRO,374
54,15,1023,EMEF PROF JOAO SIMOES,PARQUE SAO LUCAS,376
54,16,1023,EMEF PROF JOAO SIMOES,PARQUE SAO LUCAS,360
54,17,1023,EMEF PROF JOAO SIMOES,PARQUE SAO LUCAS,382
54,18,1023,EMEF PROF JOAO SIMOES,PARQUE SAO LUCAS,376
54,19,1023,EMEF PROF JOAO SIMOES,PARQUE SAO LUCAS,376
54,20,1023,EMEF PROF JOAO SIMOES,PARQUE SAO LUCAS,368
54,21,1031,EE DR JULIO MESQUITA,CENTRO,344
54,22,1031,EE DR JULIO MESQUITA,CENTRO,341
54,23,1031,EE DR JULIO MESQUITA,CENTRO,359
54,24,1031,EE DR JULIO MESQUITA,CENTRO,361
54,25,1031,EE DR JULIO MESQUITA,CENTRO,338
54,26,1031,EE DR JULIO MESQUITA,CENTRO,351
54,27,1031,EE DR JULIO MESQUITA,CENTRO,357
54,28,1031,EE DR JULIO MESQUITA,CENTRO,345
54,29,1031,EE DR JULIO MESQUITA,CENTRO,336
54,30,1040,E.E. ANTONIO CAIO,SAO VICENTE,379
54,31,1040,E.E. ANTONIO CAIO,SAO VICENTE,396
54,32,1040,E.E. ANTONIO CAIO,SAO VICENTE,393
54,33,1040,E.E. ANTONIO CAIO,SAO VICENTE,374
54,34,1040,E.E. ANTONIO CAIO,SAO VICENTE,390
54,35,1040,E.E. ANTONIO CAIO,SAO VICENTE,389
54,36,1040,E.E. ANTONIO CAIO,SAO VICENTE,375
54,37,1040,E.E. ANTONIO CAIO,SAO VICENTE,364
54,38,1058,EMEF IZAURA DA SILVA VIEIRA,JARDIM MAGALI,383
54,39,1058,EMEF IZAURA DA SILVA VIEIRA,JARDIM MAGALI,381
54,40,1058,EMEF IZAURA DA SILVA VIEIRA,JARDIM MAGALI,383
54,41,1058,EMEF IZAURA DA SILVA VIEIRA,JARDIM MAGALI,381
54,42,1058,EMEF IZAURA DA SILVA VIEIRA,JARDIM MAGALI,379
54,43,1058,EMEF IZAURA DA SILVA VIEIRA,JARDIM MAGALI,385
54,44,1058,EMEF IZAURA DA SILVA VIEIRA,JARDIM MAGALI,376
54,45,1066,EE PREFEITO CAETANO MUNHOZ,PRADO,393
54,46,1066,EE PREFEITO CAETANO MUNHOZ,PRADO,389
54,47,1066,EE PREFEITO CAETANO MUNHOZ,PRADO,408
54,48,1066,EE PREFEITO CAETANO MUNHOZ,PRADO,390
54,49,1066,EE PREFEITO CAETANO MUNHOZ,PRADO,390
54,50,1066,EE PREFEITO CAETANO MUNHOZ,PRADO,380
54,51,1074,EE PROF CANDIDO MOURA,VILA ILZE,372
54,52,1074,EE PROF CANDIDO MOURA,VILA ILZE,351
54,53,1074,EE PROF CANDIDO MOURA,VILA ILZE,363
54,54,1082,EE PROF PEDRO FERREIRA CINTRA,VILA ILZE,393
54,55,1082,EE PROF PEDRO FERREIRA CINTRA,VILA ILZE,393
54,56,1082,EE PROF PEDRO FERREIRA CINTRA,VILA ILZE,379
54,57,1082,EE PROF PEDRO FERREIRA CINTRA,VILA ILZE,388
54,58,1082,EE PROF PEDRO FERREIRA CINTRA,VILA ILZE,384
54,59,1082,EE PROF PEDRO FERREIRA CINTRA,VILA ILZE,378
54,60,1090,EE FENIZIO MARCHINI,VILA DE BARAO ATALIBA NOGUEIRA,365
54,61,1090,EE FENIZIO MARCHINI,VILA DE BARAO ATALIBA NOGUEIRA,350
54,62,1104,EMEF JOAQUIM VIEIRA,ELEUTERIO,300
54,63,1112,EMEF BAIRRO DA PONTE NOVA,PONTE NOVA,238
54,64,1031,EE DR JULIO MESQUITA,CENTRO,325
54,65,1031,EE DR JULIO MESQUITA,CENTRO,323
54,66,1015,EE ELVIRA SANTOS DE OLIVEIRA,CENTRO,355
54,67,1040,E.E. ANTONIO CAIO,SAO VICENTE,367
54,68,1058,EMEF IZAURA DA SILVA VIEIRA,JARDIM MAGALI,364
54,69,1058,EMEF IZAURA DA SILVA VIEIRA,JARDIM MAGALI,370
54,70,1015,EE ELVIRA SANTOS DE OLIVEIRA,CENTRO,364
54,71,1066,EE PREFEITO CAETANO MUNHOZ,PRADO,388
54,72,1082,EE PROF PEDRO FERREIRA CINTRA,VILA ILZE,372
54,73,1015,EE ELVIRA SANTOS DE OLIVEIRA,CENTRO,390
54,74,1120,EMEF HEITOR SOARES,VILA FIGUEIREDO,391
54,75,1066,EE PREFEITO CAETANO MUNHOZ,PRADO,367
54,76,1023,EMEF PROF JOAO SIMOES,PARQUE SAO LUCAS,357
54,77,1082,EE PROF PEDRO FERREIRA CINTRA,VILA ILZE,386
54,78,1120,EMEF HEITOR SOARES,VILA FIGUEIREDO,391
54,79,1058,EMEF IZAURA DA SILVA VIEIRA,JARDIM MAGALI,368
54,80,1090,EE FENIZIO MARCHINI,VILA DE BARAO ATALIBA NOGUEIRA,344
54,81,1066,EE PREFEITO CAETANO MUNHOZ,PRADO,373
54,82,1040,E.E. ANTONIO CAIO,SAO VICENTE,364
54,83,1023,EMEF PROF JOAO SIMOES,PARQUE SAO LUCAS,357
54,84,1252,FATEC ITAPIRA OGARI DE CASTRO PACHECO,JARDIM BELA VISTA,334
54,85,1147,EMEF COMENDADOR VIRGOLINO DE OLIVEIRA,VILA IZAURA,339
54,86,1104,EMEF JOAQUIM VIEIRA,ELEUTERIO,280
54,87,1058,EMEF IZAURA DA SILVA VIEIRA,JARDIM MAGALI,382
54,88,1120,EMEF HEITOR SOARES,VILA FIGUEIREDO,380
54,89,1066,EE PREFEITO CAETANO MUNHOZ,PRADO,375
54,90,1023,EMEF PROF JOAO SIMOES,PARQUE SAO LUCAS,375
54,91,1058,EMEF IZAURA DA SILVA VIEIRA,JARDIM MAGALI,369
54,92,1252,FATEC ITAPIRA OGARI DE CASTRO PACHECO,JARDIM BELA VISTA,336
54,93,1120,EMEF HEITOR SOARES,VILA FIGUEIREDO,406
54,94,1147,EMEF COMENDADOR VIRGOLINO DE OLIVEIRA,VILA IZAURA,358
54,95,1112,EMEF BAIRRO DA PONTE NOVA,PONTE NOVA,220
54,96,1040,E.E. ANTONIO CAIO,SAO VICENTE,363
54,97,1252,FATEC ITAPIRA OGARI DE CASTRO PACHECO,JARDIM BELA VISTA,321
54,98,1066,EE PREFEITO CAETANO MUNHOZ,PRADO,385
54,99,1120,EMEF HEITOR SOARES,VILA FIGUEIREDO,387
54,100,1023,EMEF PROF JOAO SIMOES,PARQUE SAO LUCAS,368
54,101,1058,EMEF IZAURA DA SILVA VIEIRA,JARDIM MAGALI,389
54,102,1244,SESI - SERVIÇO SOCIAL DA INDÚSTRIA,VILA PENHA DO RIO DO PEIXE,380
54,103,1139,EE BENEDITO FLORES DE AZEVEDO,LOTEAMENTO JOAO DE BARROS,362
54,104,1252,FATEC ITAPIRA OGARI DE CASTRO PACHECO,JARDIM BELA VISTA,330
54,105,1147,EMEF COMENDADOR VIRGOLINO DE OLIVEIRA,VILA IZAURA,336
54,106,1066,EE PREFEITO CAETANO MUNHOZ,PRADO,375
54,107,1120,EMEF HEITOR SOARES,VILA FIGUEIREDO,398
54,108,1040,E.E. ANTONIO CAIO,SAO VICENTE,368
54,109,1252,FATEC ITAPIRA OGARI DE CASTRO PACHECO,JARDIM BELA VISTA,347
54,110,1139,EE BENEDITO FLORES DE AZEVEDO,LOTEAMENTO JOAO DE BARROS,351
54,111,1120,EMEF HEITOR SOARES,VILA FIGUEIREDO,389
54,112,1066,EE PREFEITO CAETANO MUNHOZ,PRADO,380
54,113,1147,EMEF COMENDADOR VIRGOLINO DE OLIVEIRA,VILA IZAURA,347
54,114,1252,FATEC ITAPIRA OGARI DE CASTRO PACHECO,JARDIM BELA VISTA,319
54,115,1090,EE FENIZIO MARCHINI,VILA DE BARAO ATALIBA NOGUEIRA,326
54,116,1040,E.E. ANTONIO CAIO,SAO VICENTE,371
54,117,1058,EMEF IZAURA DA SILVA VIEIRA,JARDIM MAGALI,358
54,118,1210,EMEF VEREADOR JOSÉ FRANCISCO MARTINS,JARDIM MACUCOS,307
54,119,1201,EMEF WILMA DE TOLEDO BARROS MUNHOZ,JARDIM PARAISO,355
54,120,1180,EMEF MARCO ANTONIO LIBANO DOS SANTOS,CONJUNTO HABITACIONAL ISTOR LUPPI,360
54,121,1120,EMEF HEITOR SOARES,VILA FIGUEIREDO,375
54,122,1228,(IESI) INSTITUTO DE ENSINO SUPERIOR DE ITAPIRA,CENTRO,323
54,123,1228,(IESI) INSTITUTO DE ENSINO SUPERIOR DE ITAPIRA,CENTRO,332
54,124,1139,EE BENEDITO FLORES DE AZEVEDO,LOTEAMENTO JOAO DE BARROS,343
54,125,1236,CRECHE MUNICIPAL VER FRANCISCO ROVARIS QUICO,CONJ HAB. BRAZ CAVENAGHI,431
54,126,1147,EMEF COMENDADOR VIRGOLINO DE OLIVEIRA,VILA IZAURA,334
54,127,1228,(IESI) INSTITUTO DE ENSINO SUPERIOR DE ITAPIRA,CENTRO,330
54,128,1139,EE BENEDITO FLORES DE AZEVEDO,LOTEAMENTO JOAO DE BARROS,345
54,129,1210,EMEF VEREADOR JOSÉ FRANCISCO MARTINS,JARDIM MACUCOS,329
54,130,1147,EMEF COMENDADOR VIRGOLINO DE OLIVEIRA,VILA IZAURA,338
54,131,1228,(IESI) INSTITUTO DE ENSINO SUPERIOR DE ITAPIRA,CENTRO,328
54,132,1139,EE BENEDITO FLORES DE AZEVEDO,LOTEAMENTO JOAO DE BARROS,332
54,133,1228,(IESI) INSTITUTO DE ENSINO SUPERIOR DE ITAPIRA,CENTRO,335
54,134,1180,EMEF MARCO ANTONIO LIBANO DOS SANTOS,CONJUNTO HABITACIONAL ISTOR LUPPI,365
54,135,1201,EMEF WILMA DE TOLEDO BARROS MUNHOZ,JARDIM PARAISO,336
54,136,1228,(IESI) INSTITUTO DE ENSINO SUPERIOR DE ITAPIRA,CENTRO,337
54,137,1147,EMEF COMENDADOR VIRGOLINO DE OLIVEIRA,VILA IZAURA,350
54,138,1139,EE BENEDITO FLORES DE AZEVEDO,LOTEAMENTO JOAO DE BARROS,337
54,139,1090,EE FENIZIO MARCHINI,VILA DE BARAO ATALIBA NOGUEIRA,318
54,140,1236,CRECHE MUNICIPAL VER FRANCISCO ROVARIS QUICO,CONJ HAB. BRAZ CAVENAGHI,386
54,141,1228,(IESI) INSTITUTO DE ENSINO SUPERIOR DE ITAPIRA,CENTRO,330
54,142,1210,EMEF VEREADOR JOSÉ FRANCISCO MARTINS,JARDIM MACUCOS,354
54,143,1244,SESI - SERVIÇO SOCIAL DA INDÚSTRIA,VILA PENHA DO RIO DO PEIXE,286
54,144,1074,EE PROF CANDIDO MOURA,VILA ILZE,339
54,145,1228,(IESI) INSTITUTO DE ENSINO SUPERIOR DE ITAPIRA,CENTRO,330
54,146,1120,EMEF HEITOR SOARES,VILA FIGUEIREDO,383
54,147,1139,EE BENEDITO FLORES DE AZEVEDO,LOTEAMENTO JOAO DE BARROS,326
54,148,1228,(IESI) INSTITUTO DE ENSINO SUPERIOR DE ITAPIRA,CENTRO,355
54,149,1244,SESI - SERVIÇO SOCIAL DA INDÚSTRIA,VILA PENHA DO RIO DO PEIXE,258
54,150,1180,EMEF MARCO ANTONIO LIBANO DOS SANTOS,CONJUNTO HABITACIONAL ISTOR LUPPI,376
54,151,1201,EMEF WILMA DE TOLEDO BARROS MUNHOZ,JARDIM PARAISO,382
54,152,1236,CRECHE MUNICIPAL VER FRANCISCO ROVARIS QUICO,CONJ HAB. BRAZ CAVENAGHI,391
54,153,1180,EMEF MARCO ANTONIO LIBANO DOS SANTOS,CONJUNTO HABITACIONAL ISTOR LUPPI,381
54,154,1244,SESI - SERVIÇO SOCIAL DA INDÚSTRIA,VILA PENHA DO RIO DO PEIXE,261
54,155,1180,EMEF MARCO ANTONIO LIBANO DOS SANTOS,CONJUNTO HABITACIONAL ISTOR LUPPI,381
54,156,1074,EE PROF CANDIDO MOURA,VILA ILZE,335
54,157,1236,CRECHE MUNICIPAL VER FRANCISCO ROVARIS QUICO,CONJ HAB. BRAZ CAVENAGHI,363
54,158,1210,EMEF VEREADOR JOSÉ FRANCISCO MARTINS,JARDIM MACUCOS,261
54,159,1201,EMEF WILMA DE TOLEDO BARROS MUNHOZ,JARDIM PARAISO,212
54,160,1180,EMEF MARCO ANTONIO LIBANO DOS SANTOS,CONJUNTO HABITACIONAL ISTOR LUPPI,310
